scorer,DLC_3D,DLC_3D,DLC_3D,DLC_3D,DLC_3D,DLC_3D
bodyparts,turn,turn,turn,tip,tip,tip
coords,x,y,z,x,y,z
0,,,,,,
1,,,,,,
2,,,,,,
3,,,,,,
4,,,,,,
5,,,,,,
6,,,,,,
7,,,,,,
8,,,,,,
9,,,,,,
10,,,,,,
11,,,,,,
12,,,,,,
13,,,,,,
14,,,,,,
15,,,,,,
16,,,,,,
17,,,,,,
18,,,,,,
19,,,,,,
20,,,,,,
21,,,,47.4463769032085,12.281442126617483,71.98451010124619
22,,,,,,
23,,,,,,
24,,,,,,
25,,,,,,
26,,,,,,
27,,,,,,
28,,,,,,
29,,,,,,
30,,,,,,
31,,,,,,
32,,,,,,
33,,,,,,
34,,,,,,
35,,,,,,
36,,,,,,
37,,,,,,
38,,,,,,
39,,,,,,
40,53.881258662928175,-6.570840745699785,67.32841037459352,,,
41,,,,,,
42,,,,,,
43,,,,,,
44,,,,,,
45,,,,,,
46,,,,,,
47,,,,,,
48,,,,,,
49,,,,,,
50,,,,,,
51,,,,,,
52,,,,,,
53,,,,,,
54,,,,,,
55,,,,,,
56,,,,,,
57,,,,,,
58,,,,,,
59,,,,,,
60,,,,,,
61,,,,,,
62,,,,,,
63,,,,,,
64,,,,,,
65,,,,,,
66,,,,9.808392854809876,0.26918970700284994,27.24765220310459
67,,,,12.000692573201503,1.2770898635413517,30.283036058355098
68,,,,12.904288844634271,1.72738592279753,24.464911181930827
69,14.896522269122972,2.8125329121554326,30.44666419136384,13.918212262935414,2.7591997161404476,27.885174001282945
70,15.150734576133624,3.5002762418460978,27.966830750311043,14.085250210033813,3.232088653202837,23.962494622437777
71,15.049946441848533,3.773699295087488,27.155300497446195,13.896779493636787,3.4979913796807938,23.135134877987884
72,14.856234337390315,4.220526334761612,26.23969828081469,,,
73,14.445641676590359,4.5623050979409205,25.831202515666256,,,
74,14.177840281818234,4.849797984848523,25.85156620996313,12.813570750710472,4.582196199881666,22.17541441774721
75,13.605670845950934,4.878730413717434,25.426404152396476,12.247060018741124,4.470403299806328,21.14733909837643
76,13.282974291176206,5.006914713516913,25.990194168867614,11.977533121451504,4.536261259539648,21.496553155274345
77,12.887505371504718,4.981499320474906,25.536600369893808,11.721984289653946,4.345325981515701,21.11117853316199
78,12.347563562734466,4.729823629976398,24.62836638531803,11.264862024099395,4.07163351486421,20.62922728402343
79,12.122189950964536,4.486952637932926,24.530231432634597,11.090698222168095,3.7103236252269007,20.47864188131436
80,12.045619894795125,4.330926075582814,24.32214709621412,11.158093317681633,3.5865037797343073,20.47116706075232
81,12.05426197357684,4.161846458577095,24.0670312243231,11.072059517936596,3.2948000568779787,19.71559800687612
82,12.038514864673903,4.096664301086925,23.891178173145267,11.069805042836235,3.2447558244821426,19.674558564081806
83,11.999254499635299,4.009143537568028,23.718704226107075,10.84226737974491,3.183864695778697,19.128524024474412
84,12.003492832176608,4.050077379985985,23.567819062784455,10.736495793088011,3.2033083426881874,19.102901842977623
85,12.00711361666028,4.102253853211197,23.486601174147143,10.698339115082122,3.3169838148196322,19.28028628742709
86,12.00806459165115,4.126681705766103,23.514586420851263,10.615489750684837,3.400605635611548,19.15806642293221
87,12.036622525079087,4.184449112659034,23.5853390683049,10.566094049663178,3.456041975928366,19.202802647506388
88,,,,10.470241810225115,3.5053900013207464,19.196032436665767
89,,,,10.061309987520785,3.4991314507010642,18.787692638555562
90,,,,9.897741346975124,3.435195628903651,18.51350903903226
91,,,,9.7029877410294,3.4089658011557487,18.35467128081841
92,,,,9.496064599012303,3.412192393340394,18.4658477814936
93,11.41229803908816,3.7612345727882777,21.04805442462587,9.293941088058943,3.3948716209570318,18.50663150847014
94,11.177231911695449,3.6163055309670242,20.892961804521267,8.971481870554452,3.2590409680190744,18.24041258643217
95,11.056089259645146,3.596644367575537,21.124466853123806,8.804133452189896,3.2266279438184364,18.454135104332956
96,10.882096171624525,3.514407633638705,20.953334836967656,8.579631675573776,3.1663481622268588,18.377959011944306
97,10.786360543484644,3.4898798316158,21.05133950300057,8.443568225684304,3.1129845604509105,18.276365447936907
98,10.642845643107654,3.42137619522796,20.89015870509683,8.30045539418064,3.0569855618032324,18.099255141850186
99,10.559609573312155,3.393254341018498,20.81566273536246,8.14718239358835,3.0484704783066117,18.126098363656745
100,10.447063403312914,3.2729359232173225,20.76861944610386,8.020461019928808,3.030541206390885,18.13602684518543
101,10.219761659269645,3.0850920857849156,20.40275491026502,7.781602637016155,2.885936122157832,17.73014003545021
102,10.065384213836362,3.0165874679175144,20.2057040595955,7.646078041618787,2.8487817245355607,17.574309291975336
103,9.763447036403457,2.898527686178605,19.717780760902333,7.379637091868598,2.775586737011419,17.19734016873233
104,9.54978051883065,2.8306819623627666,19.611404608896912,7.15256551830576,2.740996298135623,17.11024910463747
105,9.313098833590857,2.825468815598596,19.367854039545904,6.929661543902586,2.6758023861720486,16.918944811754415
106,8.765889016428718,2.8758372659667804,18.950793852390852,6.347481817987907,2.587288281871827,16.477243132883128
107,8.428599727115337,2.82611823123138,18.685936118342124,6.010555959170016,2.546288873566189,16.280672575346294
108,7.984616148010413,2.8158097231319097,18.815426626610385,5.4896404843565385,2.5724493092833205,16.432692841329718
109,7.651557110034338,2.7741039733555515,18.708990914035898,5.122349585671052,2.529692084584021,16.321850742612387
110,6.74972397647321,2.536191562480184,17.654666438941696,4.231482425333308,2.3755022086723674,15.482658887466458
111,6.511245555756934,2.5374934800222992,17.66475247580084,3.9814878538763776,2.3638020398535766,15.523703706753846
112,6.005577533674243,2.4284545195483696,18.156771400026624,3.178266311796603,2.5013030985543576,16.31160217413246
113,5.860410259338326,2.426876780909064,18.194250558312127,3.004309358721843,2.553113177473052,16.495869836952227
114,5.675363521831193,2.427591175771194,18.125334208964638,2.8357395030880617,2.58706948746493,16.562848717374056
115,5.551178713736687,2.450689360037336,18.197586744263152,2.6712012074367784,2.625791123880657,16.646174281367756
116,5.376338789519311,2.461201003713061,18.188058004639203,2.495256029732571,2.6449701330169857,16.633752585843613
117,5.003326295770728,2.4779165883562464,18.087927349167582,2.1001592519073453,2.700817504846704,16.697905860972334
118,4.815580352641826,2.4711276394839183,18.083060357447984,1.8950774092086997,2.720358346847436,16.678897483898893
119,4.311982319621886,2.352151155358159,16.93977291547311,1.5916109683293267,2.6481805696347522,15.719671551056605
120,3.9722179024353346,2.355082897378631,16.99158726361113,1.1724954096524316,2.721959215037391,15.849253551901251
121,3.7326042527746646,2.356604757329958,16.80060624589946,0.9279499754677072,2.7225538360400554,15.756968246038982
122,3.3169945596942103,2.4234217550287016,16.827996067957617,0.45442459628770093,2.8080014751538065,16.0157725272471
123,2.817106872353659,2.3904415165763027,16.826513091060534,-0.08318680992312559,2.784283094916861,15.992903161149034
124,2.5643835041548364,2.3890936023157074,16.929154175278086,-0.37343403839618344,2.7864709049694434,16.08863343348544
125,2.0941797644127687,2.4079811125219965,17.5170731878763,-0.9993551964790975,2.846830171923324,16.612498919505533
126,1.8382689849282603,2.306278777102279,17.40904109417715,-1.278076038094124,2.693931650221639,16.41612745734194
127,1.652879867445757,2.300877305325955,17.615874781783162,,,
128,1.5665118728231953,2.270705294353188,17.821434445922296,-1.655357141464281,2.7373802498667836,16.84774761407797
129,1.4853854671955709,2.2140185041645113,17.920338784180338,-1.9075861851535953,2.7543559580932717,17.13266063249938
130,,,,-1.9372383090580587,2.795413934748913,17.297662115221204
131,1.6252167360069927,2.1515617802191302,17.707905212486907,-1.837507660441732,2.8254231241395886,17.320370940512007
132,1.680051739365943,2.1701018038455464,17.562488814681643,-1.7351227319196,2.8216857132899085,17.09585360423413
133,,,,,,
134,,,,,,
135,1.3517756982594966,2.268785644209942,16.69474704611423,,,
136,1.0448066035154537,2.3981044667369797,17.378721775424573,,,
137,0.8049866586032908,2.477145818068815,17.796908072087447,,,
138,,,,,,
139,,,,,,
140,,,,,,
141,,,,,,
142,,,,,,
143,1.1189344924530926,2.686435422264304,18.137073024287343,-2.4797211694535752,3.400862126520571,17.904047927571508
144,1.1810518939708663,2.7439181299738147,18.348414713250023,-2.4720021633688583,3.411385447522927,18.102800190741352
145,1.1985498659035487,2.7334170236566973,18.022830378929154,,,
146,1.266693543625213,2.7161603858182612,18.638186060591767,,,
147,1.2884897620966957,2.681798174948545,18.642221296533485,,,
148,,,,,,
149,1.4635706111497113,2.328852764266165,18.183252248974412,,,
150,1.5420508328486267,2.278260477306901,18.111724876281535,,,
151,1.6691606081724837,2.264731305203769,17.944835146479424,,,
152,1.7833215137682046,2.310738592903395,17.92289354538096,,,
153,2.0154295896962053,2.2404958989374375,17.69178436763825,,,
154,2.070558490488724,2.24337645052632,17.40780883116336,,,
155,2.1348115026486654,2.2950612492150078,17.20200756787773,,,
156,2.1526390687371033,2.4061790498377453,17.431807479799545,,,
157,2.1456509638204815,2.5276154592052564,17.65248496300299,,,
158,2.1178859882537036,2.7018453180317685,18.599684353485603,-1.0706251351206648,2.698328310891786,16.234687324615425
159,2.166182602443181,2.877857103698554,18.99414223806789,-1.1828768334866582,2.850093615220172,16.970224944517373
160,2.7342927319367134,3.2120740391380562,20.454297736494723,-0.9663380795297624,3.1850155651883454,18.10010105923573
161,3.1566443308192422,3.3234599831046827,20.761093149214595,-0.667378251567686,3.3711168667236193,18.51502170871476
162,3.7702595403192243,3.509474384137006,21.709449984484852,-0.18079656409436545,3.586662243937373,19.439027785190227
163,4.632423110456401,3.3546018782261813,20.226852498391438,0.9249374250387925,3.4526063194440657,18.224899476398438
164,5.098216137651124,3.2663164954401065,19.604244670672696,1.5323961908151424,3.3736658759390177,17.63982682398898
165,5.602047774488436,3.233134436786148,19.354154186199946,2.107654130919906,3.3572591682795094,17.376556654576877
166,6.2922249596840825,3.0670894150945904,18.495365760017933,3.1208088493266772,3.20834608101889,16.623028968602647
167,6.604558295180863,3.04798538562331,18.44707669611261,3.5368957833080197,3.1309901937030915,16.405059935025733
168,7.163999431746988,3.1286023168466133,18.901617281503004,4.100500042860279,3.164223953774039,16.742248322242208
169,7.536844641285044,3.191762435273103,19.333136302214,4.57428294052296,3.125619970508957,16.866492969997118
170,8.263941690610835,3.4606231103425222,20.901035701893502,5.216086407708139,3.410146616372428,18.389110679750164
171,8.813984875842271,3.576977111314239,20.945096592959533,5.842798063416163,3.416993459406755,18.440577128318587
172,9.291789620030189,3.822375143944567,21.348762476080573,6.368942238147862,3.5248621985755433,18.914582198549137
173,10.244726493108248,3.7574511297845916,21.39818644291684,7.565933721257784,3.5526496726404,19.219278413203252
174,10.921798929537108,3.76395019003107,21.56337994896531,8.615920049245249,3.6574070234304967,20.077162000207363
175,11.230644606942908,3.553425675716688,20.24878670627636,9.39480692074142,3.3547006536734023,18.50241585671589
176,11.479149670265237,3.3739390254239026,20.0015249337263,9.945791722264342,3.3082851355416465,18.67212793767132
177,,,,10.321015748992266,3.058789419187625,17.371079717002104
178,11.44435364451652,3.5097418728735144,19.709207711401934,10.584326642262976,2.817580883466085,16.631905641686448
179,11.313674731359685,3.416389651915012,19.572537984351932,10.67532338393408,2.6968804229427383,16.480205832057177
180,11.262522549824544,3.40737170373881,19.64260732340256,10.624888550432178,2.7026711944955886,16.499385215997595
181,11.155653089725284,3.425057228723114,20.191498609875765,10.59520533011903,2.6911141417017475,16.718360452211844
182,11.092878044138455,3.434836720304919,20.498594477214837,10.594142726016933,2.659553839454001,16.816877572879203
183,,,,10.5939508986877,2.763063779008149,17.61101610069868
184,,,,10.813286302288926,2.893230643426022,18.316520401812088
185,,,,10.964465449791515,3.095664393555048,18.891419906661046
186,,,,10.909771719443757,3.319440419057861,19.08974554591122
187,,,,10.860832486821455,3.4082842819803627,19.012004161743604
188,10.405649300982844,4.202036585153225,22.52293403165955,11.020111628544749,3.667951759921731,19.335156936386028
189,10.39599057985414,4.451710603987382,23.128429107550108,11.272482523045007,3.956322238631992,20.292609259930206
190,10.530985253379104,5.045713371385738,24.84905391592601,11.937393694183337,4.712129260925841,23.163298979323876
191,10.549098396998145,5.280848807796885,25.652755104795915,12.318237365757007,5.040906672461573,24.450299435755188
192,10.577083055946149,5.411071864489762,26.28203535000098,12.878337660712921,5.415725538660937,26.328069893420235
193,10.556234868499669,5.516877395372955,26.748710275784624,13.385819761879949,5.495916241750972,27.06528563271744
194,10.52060062544676,5.516703134609324,26.769653125456465,13.384916440286018,5.343400680042497,26.439013680856256
195,10.37853254693492,5.445539383226511,26.430026272502367,13.379097004940679,5.149088992410947,25.96334463313087
196,10.314405324371396,5.389621924834083,26.31229784972667,13.35201996033778,4.83966019160144,25.054302822266028
197,10.164951010328474,5.274300675044266,25.946883471533525,13.375230531495191,4.769085408174985,24.926321581801645
198,10.112095208541712,5.27004956837075,25.889372651331442,13.376618671656,4.726011451458291,24.786548463119786
199,10.045546325042407,5.272720640890131,25.894627326339467,13.387476016327462,4.723286680709368,24.78881375373968
200,9.927471720124466,5.228934097912564,25.782002638191557,13.2923572166922,4.687938135542433,24.61136917964792
201,9.814439926851158,5.152781418352508,25.53837956848149,13.219479945073305,4.638221850918854,24.42753389122281
202,9.124851904446395,4.658349915545224,23.81179792468688,12.382871701774823,4.226169317246267,22.807634058114697
203,8.71575412395098,4.33328409808956,22.71380678314496,11.885005915571398,3.9859839160616124,21.853451156236773
204,8.350611893715461,4.047309785562505,21.727400644048753,11.475238662523175,3.721143644496682,21.062947287352127
205,8.176283876227068,3.856298242824076,21.319007767806774,11.353397381547467,3.582163268297437,20.828891553739243
206,7.836152929962953,3.5589505169243036,21.141177005182087,11.07799209302901,3.2842807981961912,20.504350870864293
207,7.651231486102346,3.4001342564934145,21.017775051676292,11.019459331489925,3.1334833471738675,20.465251949667902
208,7.432380566409945,3.141803934658402,20.515671976403137,10.675040545679053,2.8669673048041195,19.751355526984643
209,7.298014009324508,2.9482248531722623,20.11889480274205,10.589192834905122,2.634855753523024,19.404415626693893
210,7.2259460141666105,2.727474174191953,19.859929525779584,10.39493809404474,2.4764205231003955,18.881823536226086
211,7.002643387313389,2.4351433049214495,19.196866359262078,,,
212,6.864043743305126,2.168200669174866,18.45584794207814,,,
213,6.713402786341407,1.8051150476463196,18.028438378134183,,,
214,6.658372513459506,1.5996954489793125,17.68845148628947,,,
215,6.585262905193963,1.3315353440629842,17.474518391244487,,,
216,6.363475096539158,1.3188949676138348,17.09884833407102,,,
217,6.301412823769406,1.2814605884054693,16.98580671803624,,,
218,6.381646321429464,1.2380286482405705,17.063224478260587,,,
219,6.3499234435260545,1.2515051010499194,17.3588328332916,,,
220,6.468645591017654,1.3418075653301818,17.679965205730387,,,
221,6.527866029625402,1.3588666065262895,17.875801732257777,,,
222,6.637104283255869,1.3870133420315105,17.755875314556892,,,
223,6.642839290665414,1.4465147634810407,17.78707376482434,,,
224,6.5928814477150315,1.5388922888717267,17.77821770227741,,,
225,6.61874687973578,1.6355599406868102,17.67037829276785,,,
226,6.564939369425287,1.7087876523558214,17.974312477478623,,,
227,6.686091143152351,1.738258831977955,18.341963813375447,,,
228,6.7126246426811305,1.9053542391005984,18.26852605606421,,,
229,6.797713828111976,1.914493067750365,18.13556545091503,,,
230,6.83756788489507,1.9309734313026767,18.2660362476192,10.376715749504084,1.6810964499416952,17.224726095799955
231,6.864801218771291,1.9876269713636237,18.317233034456432,,,
232,6.864509421442053,1.9889222241458278,18.24740154226671,,,
233,6.933017521693038,2.0812799655314747,18.336465656783243,10.54176571886469,1.8804888459352773,17.534322074987166
234,6.977764029109277,2.073210138699921,18.47233237956036,10.607626943451669,1.8746651347561747,17.61367587157719
235,7.042887274171505,2.120469077124814,18.681963081764636,10.76454990153392,1.8923702836979206,17.839893218153428
236,7.075996222950105,2.1204493345926116,18.773008583798664,,,
237,7.109442403462637,2.1072972835128145,18.86497448189362,,,
238,7.094409711229222,2.181369146399596,18.795669014784945,10.818106036498369,1.912899591097218,17.67948051638268
239,,,,10.773345322000155,1.9370864565882728,17.413028867665446
240,,,,,,
241,7.255931052035029,2.0593848814437563,17.63949277712474,,,
242,7.227878176411801,2.1224682385064497,17.566086754535895,,,
243,7.254937151390477,2.136312589667545,17.806456217786216,,,
244,7.276894011159416,2.1838363914452636,18.020152834513862,10.749863998951156,1.9920316595598853,17.500483440357232
245,7.251249832712452,2.287944472788805,18.614361341539514,10.824037179621715,2.021021095554006,17.762226099292874
246,7.201420962009882,2.3478230967897424,19.021385142686842,10.809655605552217,2.079674783883749,17.95555121734679
247,7.228998741652215,2.3792429243552897,19.054373371494837,10.800289528994629,2.070792810983421,17.892360329086763
248,7.206563129771888,2.347971240094904,18.90182022360364,10.774633508867915,2.006958465328812,17.491069735113307
249,,,,,,
250,7.474988979115705,2.223121816400994,17.95832643864014,10.64905919725956,1.9508423312611096,16.943952201414163
251,7.507020974432657,2.248350928852273,17.99794007394541,10.63691434281976,1.9617977232473907,16.899805458667988
252,7.534650114726006,2.354086220800217,18.070311257375064,10.618440320853182,1.9669540771295062,16.90242061979794
253,7.6486685642392125,2.3113384178074172,18.369939963802103,,,
254,7.690756790288048,2.337905684374007,18.492557694344285,10.824918735472114,2.0185532844121767,17.227764840758137
255,7.651763709540271,2.4600347711090147,18.68228447706726,10.836696528770792,2.0023413130942926,17.255397708300695
256,7.698090266492473,2.456192841250557,18.448812253437207,,,
257,7.6831957783807905,2.4681225726177294,18.375450694206382,,,
258,7.697590947278898,2.378470112130844,18.20795311296187,10.939035281619603,2.0343310090366544,17.020160650305307
259,7.702644026063234,2.46400042602772,18.16429555131069,11.156210307586154,2.1070310994534727,17.341358220919567
260,8.174254579154018,2.5699943098518134,18.98029479156627,,,
261,8.372974901389007,2.6247875797558087,19.388168378118415,,,
262,8.538852458629316,2.653661896165626,19.71758943613871,,,
263,8.703737020543121,2.6559039541861185,20.090900654014504,,,
264,9.175436909334975,2.5943328498194718,19.640079574322055,,,
265,9.31240659180059,2.5187400304825545,19.05518111563586,,,
266,,,,,,
267,9.882517008451526,2.444123587551374,18.29523908737493,,,
268,,,,,,
269,,,,,,
270,,,,,,
271,,,,,,
272,,,,,,
273,,,,,,
274,,,,,,
275,,,,,,
276,,,,,,
277,,,,,,
278,,,,,,
279,,,,,,
280,,,,,,
281,,,,,,
282,,,,,,
283,,,,,,
284,,,,,,
285,,,,,,
286,,,,,,
287,,,,,,
288,,,,,,
289,,,,,,
290,,,,,,
291,,,,,,
292,,,,,,
293,,,,,,
294,,,,,,
295,,,,,,
296,,,,,,
297,,,,,,
298,,,,,,
299,,,,,,
300,,,,,,
301,,,,,,
302,,,,,,
303,,,,,,
304,,,,,,
305,,,,,,
306,,,,,,
307,,,,,,
308,,,,,,
309,,,,,,
310,,,,,,
311,,,,,,
312,,,,,,
313,,,,,,
314,,,,,,
315,,,,,,
316,,,,,,
317,,,,,,
318,,,,,,
319,,,,,,
320,,,,,,
321,,,,,,
322,,,,,,
323,,,,,,
324,,,,,,
325,,,,,,
326,,,,,,
327,,,,,,
328,,,,,,
329,,,,,,
330,,,,,,
331,,,,,,
332,,,,,,
333,,,,,,
334,,,,,,
335,,,,,,
336,,,,,,
337,,,,,,
338,,,,,,
339,,,,,,
340,,,,,,
341,,,,,,
342,,,,,,
343,,,,,,
344,,,,,,
345,,,,,,
346,,,,,,
347,,,,,,
348,,,,,,
349,,,,,,
350,,,,,,
351,14.14131686321743,3.769038459704229,18.285154505064277,,,
352,14.198619362431263,4.035096054233651,19.327774901764503,,,
353,14.224580781163532,4.194882340654629,19.856102058917923,,,
354,13.697002982139518,4.008390108061589,19.639704347629745,,,
355,13.848422548406665,4.2333977650427155,20.775455732532322,14.166042337243372,4.859323657359417,21.52496550511424
356,,,,,,
357,14.796474159944813,5.1134161523769865,23.962418927727587,13.771209923834391,4.5985003117886185,19.268130036337386
358,14.915498284407398,5.250135270821809,24.479176947828368,13.987193425508716,4.719111923125034,19.852899236910904
359,14.682294636834778,5.215112999343421,24.388762388813277,13.941951866490236,4.748063085485573,19.980629899026226
360,14.74402930122675,5.518172893380505,25.165304179287425,13.79907653743341,4.852662687637014,20.460889973620425
361,14.600465360727757,5.534920675562772,25.261013105384695,13.618805506864868,4.871226083824741,20.41935367516639
362,14.511605704032412,5.5587435575967845,25.81959007930074,13.182620996195023,4.859326656700054,20.139938435865645
363,14.527233564308812,5.5812411514512625,26.148033839070944,12.845567843538984,4.847079407888339,19.916533856529266
364,14.469687418556314,5.577654399505921,26.413116771729516,12.13627187281009,4.943810021393404,20.103465487235034
365,14.441783348531555,5.668774907776956,27.021674863322907,11.84217391806507,4.938617529714297,19.94149784144312
366,14.005610345207899,5.475349433652137,26.427995939181944,11.167382349435762,4.598614389645092,18.800312243447234
367,13.752058837429288,5.426321451069881,26.394616472967495,10.832385547125778,4.4847743796560415,18.387541428691822
368,13.102693913486041,5.296705597376986,25.546575530859496,10.22949889678578,4.284222636867285,17.58367113846726
369,12.745883560513057,5.1903557601389645,24.914416927798364,9.981623419928075,4.23175696812353,17.362936990982433
370,12.328077302709056,4.987160946540433,24.05444441612799,9.626249082623003,4.098499626526084,16.971793447980374
371,11.56315887771244,4.305254234984681,21.579344843213725,9.02678665609309,3.8568301609336073,16.22155184110602
372,10.924113329546914,3.760384536350904,19.534013865520823,8.404285037604398,3.7163149916000524,15.977757228101
373,10.622738987620137,3.6229084294854346,18.768755091748698,8.202199562816338,3.648804416065227,15.860033829906984
374,10.490179836475882,3.265886364363962,17.83306803184016,7.850149483867791,3.608426348662714,16.37420593408414
375,10.256428875430812,3.1110244793672743,17.41664555274015,7.659479891874074,3.5348542396090834,16.266835440938937
376,9.853666782760206,2.867953301407123,16.737745757541905,7.366320765860917,3.404265711408684,15.932382512161071
377,9.42478623872136,2.633645814787975,15.993089783234003,7.073904858675234,3.245723455962704,15.563926813731477
378,9.22673541688508,2.481685087613471,15.709064346799414,6.881936798742703,3.150664114409061,15.451167810649668
379,8.834546935995595,2.1972748241308344,15.06078873981297,6.4997257670462645,2.9985506360665672,15.473685257710423
380,8.447135482849907,1.9886886458248367,14.468230932730103,6.299939574603197,2.880715514343313,15.393337150181672
381,,,,6.1302913177844385,2.881689720586454,15.61275986765861
382,8.100713351686194,1.7829589625802074,14.073835238943287,5.9948271077378115,2.809527089321527,15.413851774994654
383,7.900353926581367,1.6982299997329815,13.806803979661844,5.873864668186642,2.7672762985958634,15.453571937611061
384,,,,5.487503318424787,2.6441221892955094,15.755919426081823
385,7.077677769937255,1.3550306700166002,13.082068968362998,5.222669839860245,2.4905483571289118,15.275025494045236
386,,,,,,
387,,,,,,
388,,,,,,
389,,,,,,
390,,,,,,
391,,,,,,
392,,,,,,
393,,,,,,
394,,,,,,
395,,,,,,
396,,,,,,
397,,,,,,
398,3.5687787459239333,1.620861283910606,15.009861524502245,,,
399,,,,,,
400,,,,1.765262937527995,2.3367681654338575,16.12765661880985
401,,,,1.532682054349549,2.244877617748949,15.441071621428412
402,,,,1.4794445082333167,2.2389713951569292,15.20812906881176
403,2.8082858494024525,1.5829377727618807,15.626505978623701,1.4236590875597606,2.205070870167623,14.930468258320966
404,2.808106397624355,1.5969661476718509,15.85223743922955,1.3177594086327564,2.1908367058275955,15.016817784534268
405,,,,1.218395390123793,2.225652318409495,15.151602783816333
406,3.1499243689621466,1.4271928179734332,16.142914701234304,0.9746879411435908,2.2723686756806,15.42178426276481
407,3.184315323266209,1.541207864698283,16.25963879339657,0.8499890581683887,2.3138196433269553,15.511321191577103
408,3.232902098031114,1.4695495314744629,15.970670595277744,0.7460452372751828,2.224334274962077,15.251454060485873
409,3.3075662366226664,1.3723574778213388,15.762321947686285,0.6105854737836959,2.194578553498498,15.235536570417317
410,3.3499995855721805,1.3169673966095827,15.33965211769619,0.5422889681337008,2.1295355236710662,14.943682409144504
411,3.4015841244820124,1.2926773788392751,15.357316691987444,0.4935959428740082,2.1294703508858364,15.005579946385032
412,3.4743623104646613,1.3620230869819951,15.571012040942826,0.4084741196722692,2.183239407071912,15.431875792738685
413,3.5563455579606362,1.38135905376441,15.629957511143795,0.419169303622269,2.206339698553048,15.551626497704653
414,3.7110199169970723,1.3358341998103156,15.927228035519748,0.48947858244609654,2.156350265339135,15.66719331668864
415,3.9081439797708053,1.3596060308249351,15.465990502744928,0.6775715669637665,2.125259172699211,15.397265806463427
416,4.083582154138636,1.3185595781290649,15.160658813784838,0.69359723757697,1.9889174282813495,14.986205832217474
417,4.042632723000348,1.254803897445725,15.137082608179375,0.5948026540062642,1.8697789634928743,14.799309877226355
418,4.055185020134514,1.1985187950268021,15.246702801893502,0.5485110138296398,1.7641451315813768,14.692067455635298
419,4.077724844010833,1.2043476184603488,15.488670231730113,0.41647996684567357,1.7345667761924555,14.76852078890064
420,4.099733191033719,1.2141943124718506,15.373890858474853,0.44359052425459106,1.705658508400123,14.480174723332023
421,4.160291743876255,1.2127575734293201,15.09604206575894,0.5792700260462882,1.6803970580933139,14.212606723043983
422,4.380190973265614,1.2353803811260495,14.800043997458456,0.8812058929801502,1.6558375559249543,13.874332078206825
423,4.480323410017407,1.2079107289180984,14.713479375779828,0.9547329958510677,1.6475174825171979,13.754713692563685
424,4.60619847879262,1.159074230737161,14.7957367407702,1.0880706461482503,1.6073425274114679,13.945720716402507
425,4.649333635701436,1.1194989846920522,14.863241998836223,1.113355327646785,1.6160649535476421,14.093238747560648
426,4.7895153122823135,1.0726400635147635,14.955946352315333,1.170972517319828,1.4694808409372708,14.231896684281484
427,4.885911469403572,1.0283380039521124,15.056320283271118,1.2126492235712238,1.4091315227898753,14.274904444332496
428,5.112175713646929,0.9254943497738825,15.190635490521112,1.3799107991558748,1.3325651689063545,14.374935434647998
429,5.242879550559191,0.8804278372376136,15.316624475622591,1.4516192837336916,1.2328249084435785,14.376958567395452
430,5.275483600493357,0.8808608468337246,15.285876062507562,1.4756056876532009,1.2068535311543545,14.410711086470272
431,5.250819930145094,0.9375886624184101,15.431752511154574,1.443097869461981,1.2060390655019946,14.527717341214895
432,5.271780103379096,0.9657793956315157,15.724968744689573,1.4368492313922172,1.2318763173264822,14.737058038807358
433,5.466331194361061,1.049647336987513,16.29020163238974,1.520207268645173,1.3662268326287075,15.3971270143379
434,5.601838229008697,1.1304505521664048,16.476337830155273,1.6523279067551058,1.485410102094524,15.612348411976761
435,5.745122501815686,1.1286874844125296,16.647405015527653,1.7436565588773787,1.5029638410880173,15.846317490635926
436,5.780490236708135,0.8771968227792724,16.210845062927042,1.9256835390621276,1.1940508347774852,15.332846243911698
437,5.889653601604354,0.8463409178456727,16.129513616289604,2.0741629641197266,1.084955731918192,15.15402552348102
438,6.104900758913539,0.825735944458784,16.234661981003292,2.267104201910681,1.0061029973718913,15.060207084846116
439,6.438452103373225,0.7431730662975731,16.27479067488013,2.5737706009449335,0.9425087356120758,15.10690916942517
440,7.050982520132173,0.8435309695398056,17.552833636470602,2.855592374464567,0.9065615059367064,16.401872856042388
441,7.554288791022891,0.9245509102574327,18.727849151378585,,,
442,,,,3.8479057892951847,1.1009781517728985,21.692871027633565
443,10.171658677820272,1.3165360486119502,24.025675813392567,4.875672626081369,1.2755165121214465,24.52867515113938
444,11.997669824171975,1.80683068020673,27.82655115748421,7.576517559988381,2.175170441151203,35.945599972137444
445,12.860889821629572,2.054434413490605,29.545874849081194,9.258138945538855,3.0640275932238423,42.47202245613374
446,14.219751533345855,2.5413767518276886,32.846258004228126,11.97865416656984,4.748418673499451,55.898341556357174
447,14.63734705802891,2.4095698686204927,34.34529346346782,13.309398948240522,4.629069663892439,62.323289678219226
448,14.641570563816419,2.921885387639239,34.04667971452493,14.316415830254455,4.69034697017699,63.77531077777739
449,,,,14.192737742312321,4.22248900110611,57.40419387625883
450,,,,14.384434516542019,3.366870498398732,45.99507407645797
451,,,,14.24003270082858,2.9114224084950338,38.12515909277122
452,,,,13.860723220001468,2.3810032127680074,26.60908924202534
453,,,,,,
454,,,,,,
455,12.861919978662414,2.3535760982643725,18.099264250205092,,,
456,12.688808321514793,2.3786316631106894,17.71951287239743,,,
457,12.59811148539017,2.562743304264171,17.693857039497804,,,
458,12.37493112900006,2.5272779290910394,17.58612227127364,,,
459,12.347778133746507,2.678199866395047,18.226825932047213,,,
460,12.300644147840377,2.745482700307745,18.53251255588555,12.708191630033394,2.5065635349762485,16.262249519915297
461,,,,,,
462,,,,12.260251437862918,3.293408028976642,20.034711337775715
463,12.679213092341262,3.7090046599354745,22.273364824820664,,,
464,12.710620989255819,3.980399508182455,23.309735371655805,12.223172680516678,3.3197891037086413,18.72142758683959
465,12.848411342839377,4.421300662224912,25.443182949552774,12.258511686038055,4.466380364279828,24.127990983721155
466,12.937323279876862,4.868695501173603,26.805318714063688,12.405806033126671,4.209115506946253,21.822403439658917
467,,,,12.436147264078942,4.493767451654048,22.893007340693643
468,12.937412587579752,5.578562032401949,30.563277953272124,12.330184895943596,4.9163611264459615,24.928345153246493
469,12.597558183178954,5.4184101354764715,29.906980488611733,11.851871642246087,4.767143871680139,24.041092278235602
470,12.473840090741918,5.287945667659147,29.61580439563838,11.467253401499242,4.580821128453516,23.1248967180186
471,12.305295734260186,5.134289621355583,29.13527707201886,11.138009774005784,4.3853296093843355,22.340100102157702
472,11.98661487777813,4.860815919049565,28.103719177117714,10.524554305092355,4.091109644753872,21.414157954520682
473,11.893206435020394,4.730090548350931,27.762425423410498,10.347602415342003,3.967198901651227,21.082680995919816
474,11.853586979349478,4.568194446261849,27.578511435044934,10.024307493363478,3.6988533751380523,20.375919172724263
475,11.85459352105329,4.474997257140315,27.40281495153353,9.961084838902572,3.642704864199037,20.305572458387584
476,11.909038607909787,4.355036523771614,27.320126460976347,9.876318311794549,3.5140237405140162,19.98687210560594
477,11.892373168099885,4.251502791895017,27.33957350880051,9.704139574280784,3.3742110583962575,19.556830127791414
478,11.874803474032905,4.118562712901928,27.58741562530384,9.376082478582699,3.2049060345104348,19.213752253787007
479,11.727999013319304,4.027559160008301,27.431368341362393,8.840722538042241,3.0871664712373694,18.357820772448193
480,11.572708319199979,3.9724024711152106,27.098435872194916,8.53513052455955,3.0785658138016814,18.037056530547225
481,11.318001481275445,3.6924700412092295,26.62811650515655,8.211484812710475,3.1439224999618025,18.229131340331616
482,,,,7.819107932838096,3.0241187002466265,17.870811212444394
483,10.797441906002147,3.1176437342351027,23.368594322846203,7.57388250366245,2.8838080454508526,17.44133380358383
484,10.049916590977961,2.5103937157590646,21.122777337276055,7.1090424500947895,2.498585096795265,16.286600150291086
485,9.670816441757447,2.2380353209150523,19.855435766787938,6.8493042955591275,2.238848110758376,15.410201918586019
486,8.987163258588476,1.6492393624122883,17.305287091698524,6.578273819360914,1.8278141552228315,13.888663918263909
487,8.708070497746373,1.4298217059606189,16.226939727215935,6.460093166543292,1.6691002649139501,13.337598541755664
488,8.46910621674107,0.8984442838837787,14.699715560462254,6.268035408234672,1.3704222656497393,12.180072589507748
489,8.351430810479789,0.7422529426238065,13.542103459417485,6.251438175321666,1.2709448388475326,11.836735072452027
490,7.881465070051387,0.6468358122881368,12.557674979729995,6.015229699964362,1.2494639662656375,11.54161037719349
491,7.789416659016579,0.5823956440299065,12.085433729682366,5.874025317074949,1.2669427796064583,11.503514138501666
492,7.465445838214693,0.4800520776371518,11.271815718811936,5.616658837142643,1.2083808152529427,11.12061564443627
493,7.038378828424299,0.5408041774258212,10.581573645093146,5.338610850953152,1.1585953337950499,10.640489438746513
494,6.714802488922306,0.5500938955208757,10.287666441228273,5.06029101995767,1.0890969626569595,10.682137175332219
495,6.636046369736734,0.4311633195382372,10.3457537751468,4.83523103808868,1.0280841569614656,10.660250971229885
496,6.339094009576195,0.35124066071849286,10.078309589531472,4.464660745503238,0.894945223267729,10.33045649469084
497,,,,,,
498,5.754073644154048,0.10906568642714708,9.865731691473675,,,
499,5.619005140048994,0.0738187832724348,9.918522547173982,,,
500,5.387479235988956,0.00937489372843664,10.328347728676325,,,
501,5.299889951845476,0.03407959391102702,10.79294545904284,,,
502,4.931574923006532,-0.014425219122158368,11.530726410115083,,,
503,4.768187181553725,0.00451470109181959,12.017035072131973,,,
504,4.200606281843048,0.02297103060417228,13.009620522985688,,,
505,3.8631621733959673,0.035492724926238395,13.795357247374348,,,
506,2.573925134077654,0.028952568516917673,16.641819211276644,,,
507,2.427181045681349,-0.02777289693069578,17.549369808415573,,,
508,,,,-1.4629262442979596,0.621497603768197,16.982917300120448
509,,,,-1.7407799613802915,0.5267389349776155,18.457979602344416
510,,,,-1.9840254916135303,0.6343008339562365,21.54449284361743
511,4.393906823239599,0.1474699000705094,28.20182356415146,-1.5384941709332431,0.6966910959905611,23.02699415918577
512,5.317074172523354,0.2743131211994133,31.434281544649373,,,
513,7.457550763661726,0.37676306832225565,39.89803844540918,-1.3313072571917153,1.0418573445561246,34.99874668616267
514,9.840431569924183,0.5229891453830565,50.42896389156045,-1.864320511933817,1.2577066904128924,55.1988385214316
515,17.260055858383684,1.4401013817356731,83.41932774708089,20.61406771081195,-17.151009321800537,-903.1882934555442
516,,,,-9.982505861537007,-14.017140862592568,-842.6132864518505
517,,,,-8.419563287120837,-4.3981069271798185,-229.90845128572965
518,,,,-74.31173582424658,-14.80087371343399,-778.3794956820649
519,,,,,,
520,,,,19.752616870407767,2.2246830834507345,65.06142465325765
521,,,,18.86621549468941,2.543590918253543,48.64604759835965
522,,,,16.79835246797485,1.9993343335945941,30.981555191186526
523,,,,,,
524,,,,,,
525,13.912268707688026,1.7473824059096184,18.382110350558847,,,
526,13.596352793548066,1.7927893563843365,18.084797724654965,,,
527,13.440938984261571,1.9489551529255864,18.16995237422515,,,
528,13.184094562215654,2.0176753964897647,18.061741725360456,,,
529,12.625614727462894,2.206243528748414,17.694698242662632,,,
530,12.550744399674771,2.3425371863877924,17.809905914182046,,,
531,12.584337469850734,2.6527107244421835,18.58665842627724,12.96239907898463,2.4706872393973645,16.672944074228297
532,12.710498270014753,2.8274475795582177,19.22250367149235,,,
533,12.857235610863498,3.1256787946345432,20.4768201191528,13.32936713356487,3.5456002319460276,21.40496254052184
534,,,,13.415930436794666,3.6905592116299113,22.042482668944718
535,12.955144761538016,3.989876931151117,24.36960923603504,13.436820073012369,3.9333587653554565,21.780470924627426
536,12.891111608742962,4.203163920924813,25.101013762826753,,,
537,12.800585544905909,4.428549759818637,26.13406354902505,13.327366283145489,4.489140664686018,23.48110546006688
538,12.615377096636912,4.928625511162864,27.336382768806075,13.27678541546255,4.9543004741120775,25.02782964664326
539,12.37267009665177,5.006325858878059,27.415972713021436,13.104122633589544,5.109168076871069,25.225184049421667
540,11.912302529311436,4.950646270550212,26.803326120527228,12.396588565694996,5.030168730709594,24.098727141241262
541,11.767599343249318,5.000129760483519,26.50924059553458,12.138994560055567,4.9185517312254055,23.34534726630801
542,11.61733003839751,4.940737129761536,26.020001702884052,11.978823491086679,4.81679238654823,22.750325966963505
543,12.225641948040458,5.418382651127849,26.846137932678012,11.716696652919824,4.675177231719518,22.01608193665193
544,12.473726491417805,5.3786466438401375,27.05996222898012,11.721484285160951,4.518085423183397,21.583177870135742
545,12.61032025499811,5.394286358304099,27.35324616643399,11.77684691026945,4.490497368284612,21.598226787387297
546,12.801339567203398,5.405263047023565,27.78843402407075,11.74627867580218,4.468806529527661,21.579346208485077
547,13.167607551094305,5.50684825474647,29.047803123007654,11.77494172423849,4.530739264427201,22.01350384587286
548,13.28129572711017,5.578488278517942,29.635115595504338,11.76133959938903,4.584029863199242,22.364992458327748
549,13.363815114755731,5.6965619762125375,30.280834888979726,11.774828490681925,4.668866677248712,22.801225234459103
550,13.384242965338755,5.889367243607605,31.51787039770005,11.427223296634649,4.639940099434306,22.64952909710348
551,13.330922075136085,5.980022053898942,32.05342185241188,11.169587609604273,4.707645850990289,22.873925632295578
552,13.209681390396756,6.19002471662005,33.084871522703764,10.313438519112172,4.501713769213237,22.01350359049596
553,13.11435645981446,6.113199372183516,33.2165874977684,9.52199354803144,4.197595041085673,20.586541323521953
554,12.861977838146151,5.970710622923718,32.662140889670006,9.107386168856557,4.077728085781083,19.84244910263011
555,11.984248295068701,5.1258544104384,29.634114264128748,8.404862156510823,3.829496857809976,18.2184169486047
556,11.37561136942524,4.679056617382349,27.456110194386614,8.102368980789498,3.650827370680622,17.400719363814613
557,10.819099797500137,4.085758370981692,24.65267591909697,7.858321291948036,3.3483493906592403,16.27543258420729
558,10.239192187472721,3.658334247984638,22.62504664638608,7.487827345617223,3.1008534674320853,15.367496034507145
559,8.92759913872827,2.880917596851837,18.215734782719593,6.871667443717281,2.6369021110027244,13.312101798581125
560,8.609259666252768,2.6487445548636424,17.04163705414502,6.58212005586281,2.405495415483664,12.307951750896278
561,7.462899722534517,2.0958391385543895,14.040471844667291,6.198311340776945,2.1607797689628345,11.305294989129434
562,6.939617869842818,1.7263205774477384,12.306820907868644,5.651755236782754,1.7169733513087249,9.816484674412184
563,,,,5.564234809470624,1.5149426882660082,9.239859997367295
564,6.6054839158917495,1.1301825063300057,9.673837758271183,,,
565,6.344719658415876,1.0290741463341788,9.380619377352108,,,
566,6.036873960158842,0.8810050506072021,8.75336969830737,,,
567,5.981079161808483,0.7707818948597357,8.541315366208755,,,
568,5.865953242140412,0.7157803800179526,8.494580042601573,,,
569,,,,,,
570,,,,,,
571,,,,,,
572,,,,,,
573,,,,,,
574,,,,,,
575,3.3008863667960524,0.650799635763803,11.637688651092294,,,
576,3.0720063930465846,0.5573520217904208,12.342062850808833,,,
577,2.79426811931252,0.5652518101472852,12.990398741827356,,,
578,,,,,,
579,2.385424523736153,0.42217172817346865,15.94420608732019,,,
580,,,,,,
581,,,,,,
582,2.038112425694639,0.7295883233809686,23.47926817415965,-3.4334830130343383,0.9523638265303981,19.94672720087095
583,2.3468137509164304,0.8527825008945905,25.774714053730897,-3.7061251927540666,1.0010214024656185,21.816769559068977
584,3.0445974691713897,1.3539377234816108,30.59651133932227,-4.278704965478967,1.3167241507606695,26.958136017168776
585,3.6817141972497116,1.5416943826965384,33.3124672105542,,,
586,5.336056966687171,1.9054726713986314,38.693796947704904,-4.8857186252159766,2.0265893154505763,38.41203556722354
587,6.556376943914159,2.0814382237578815,42.739215891352124,-4.967523931889517,2.3283447984101735,44.48456916401446
588,11.220539893493594,2.4969433165001305,54.24028002594024,-3.776121892275277,3.076080088131007,64.74247862390635
589,14.09277279029854,2.862204929499106,58.554025784825384,-1.5155078496401855,3.638773079924637,83.38541322437453
590,20.41190046851042,3.650224814054925,72.46178203014887,6.377731496855391,12.308647724393282,335.6844782807513
591,19.77875918734979,2.5550834113388374,53.346474514940326,17.310745825684386,3.9634820480503365,139.42370302276888
592,25.624277934823287,4.012606883673482,61.46511758219691,166.25662791249414,37.521245262318025,919.6698575954372
593,21.173554012888186,3.0189210771137067,41.9154742342611,25.876028745042102,4.249006295243461,83.3155473062643
594,19.253563370123302,3.157728490513747,35.76960805570026,20.747406013989174,3.4587627854872802,55.40930376322996
595,17.246904841641907,3.0656675887574814,29.500994431166795,16.24687271462144,3.405336235641756,35.37022464126987
596,16.296112528366212,3.2806830350444036,27.063756188373024,15.195908849651376,3.432357417424299,30.534658357099953
597,15.65148385976182,3.234421382149906,25.317183133761247,14.52580151155959,3.3926193867192382,27.74963263716775
598,,,,13.923939542412109,3.019730798835901,23.17122984343826
599,,,,,,
600,14.29745649199109,2.8329716064055304,18.57243104061736,,,
601,,,,13.867992894209014,2.8303539321103117,17.575293925358665
602,,,,,,
603,,,,,,
604,,,,,,
605,,,,14.428481824626372,3.2579390244458315,18.296400656891098
606,14.38078514193819,3.611690152536728,20.04643499078838,14.502088267568077,3.904892551925888,20.105502824850188
607,14.662393358672523,4.046098783609042,21.413935419443796,14.446725098834404,4.246690387572143,21.04024458187554
608,,,,14.49504980203185,5.064849795933737,23.52246371333557
609,15.205750688540627,5.298502019944403,25.521982687225023,13.646193261312147,4.804197066065337,21.124013783028307
610,15.266443362350122,5.522841880669865,26.24675566163431,13.515196093876101,4.976512845946079,21.406028814209208
611,15.314418643401973,5.72893852928064,27.179259048250344,13.203286814147148,5.094094869440898,21.477757696039394
612,15.425845695723437,5.946888101365597,28.41065062517525,13.076975437863148,5.197469765626355,21.76829532289112
613,15.359575175469713,5.653401662054823,28.672986117653718,12.158588134329149,4.54269183214303,20.31269495193066
614,15.332470509022286,5.509436216612083,28.706292559134823,11.775865601262137,4.299630095969674,19.61068138890637
615,15.205288090906587,5.194138149594979,28.009313783820946,11.521728026894769,3.928066296790548,18.604383289043092
616,14.992487159677072,5.041412495737646,27.531809827897632,11.183902356805067,3.7196365983206174,18.06367733770921
617,14.719017702102931,4.84671202914607,26.98364199652656,10.814285003317275,3.5658953009738075,17.50379458887415
618,13.852875342908888,4.48168818070371,25.41796811794726,10.028120292930398,3.32422455321425,16.241647989933366
619,13.288221202400836,4.316075682430939,24.430574843860448,9.63542274406696,3.262212647666321,15.692848907321114
620,11.889993791766143,3.8312110795606964,21.827255951153123,8.647568000628665,3.0618653445251924,14.399053999412573
621,,,,8.098182304926615,3.1010853351425145,14.102383038545964
622,,,,7.677451757519566,2.983363479053287,13.44337229544385
623,9.70035377901409,2.917447215025475,16.701355713653648,7.264093639654776,2.8171017280189243,12.741846541053928
624,7.571210527495591,2.154069592942888,12.408172186565084,5.984387802948567,2.211280766538087,10.254208012402867
625,7.5096517927648,2.042700045204869,11.543953366785733,5.8764004494769795,1.9596341056520596,9.632886985646218
626,7.158725161700315,1.8636085465410008,10.788483068349015,5.780238244120518,1.809002613469875,9.162954829434975
627,6.880274805483925,1.4535201245375178,9.639005192318596,5.57770294219463,1.54550884337906,8.481421040736961
628,6.622444713203281,1.1818738830291025,8.827807354717583,,,
629,6.536814619984998,1.1026224992148002,8.481530034733487,,,
630,6.330285858962182,1.098007744078056,8.509932810674869,,,
631,6.233921267907311,1.0820151262656597,8.404540000982507,,,
632,6.119818638391372,1.0676280989919642,8.359068366832933,,,
633,6.089589505956806,1.0682198766722297,8.500819690609847,,,
634,5.900141264513241,1.0703779214044324,8.815233725879805,,,
635,,,,,,
636,5.264508213500501,1.1309521018751436,9.679650603638748,,,
637,4.457755401027734,1.233722350643504,10.713662446851384,,,
638,4.082679482198816,1.2431985055937627,11.144528032835403,,,
639,3.2283752907208214,1.2965178035543656,12.320557444739803,,,
640,2.819423878045419,1.4015057754515963,13.299561153551888,,,
641,2.3596980899551805,1.524311778822089,14.43647586845844,,,
642,1.5652769422169854,1.7620655366723543,17.42440598950384,,,
643,1.233173983276591,1.8807934577345256,19.333805253030757,-3.01972334290795,2.419173312961503,18.51394818160347
644,1.0975268644845164,2.7434049510767378,35.07001435502869,-5.3516288455334005,3.10186532665004,27.683083261627623
645,1.0566109786793718,3.326622758649533,42.31501251095426,-7.207718172231835,3.9230333076254262,36.19148138286579
646,1.3680715911136352,3.9735008655003066,50.84876277673558,-7.547462030385376,4.022497438781092,39.0473833419187
647,2.201604137449473,4.67120139047874,56.94581910779471,-8.183645123030109,4.423460833309827,45.5745273133274
648,3.157361398347635,5.6807280244489196,67.18873747087933,-9.563387557066488,5.362484670185793,55.41702367010994
649,6.3351777647553815,11.100622284933063,118.53338942572772,-19.03056367613098,11.74369891189223,113.43277677175351
650,11.033463973737868,19.304961654953345,200.32736650381253,-48.188548898583626,31.622700087707617,287.9498256741779
651,-33.758925153762995,-61.16840517857812,-597.540383740536,20.091346409284828,-14.309644439861751,-119.78483439688455
652,-18.452437289662647,-30.103198035190847,-288.99853868697016,12.514167671974139,-8.956207957074469,-76.01120079373605
653,-17.151050987280072,-21.56339427197022,-188.79545805087608,6.88338381120481,-5.841581292166129,-49.68014167872733
654,,,,5.531971340800733,-5.917756521787774,-49.461738106896824
655,,,,2.7108556278179408,-8.513821384528729,-65.73758407912233
656,38.838022265915676,20.79939870658259,161.87882806288724,-0.9430635309437019,-14.548637189872867,-105.46829004001076
657,17.71182787307171,4.246871334432725,34.2261556860425,21.067105444770508,11.046891481976717,77.42040441259907
658,17.002757322796658,3.8982458115277576,29.650804717226656,18.287037366444093,7.397055032770999,50.53984730531737
659,16.56421932248938,4.054381388411722,27.406050521558615,16.589640028207068,5.532144519795057,36.55839439679163
660,15.905555993973651,3.742991463702578,24.94646195005662,15.391377294526444,4.566598802473391,28.5801034504443
661,,,,,,
662,,,,,,
663,,,,14.278489348769261,3.405691301913119,18.402786429241573
664,14.862631212849411,3.4131716425330065,19.191724759582407,,,
665,,,,,,
666,,,,,,
667,,,,,,
668,,,,,,
669,,,,,,
670,14.207270405669055,3.6788775923427814,18.22741176330952,,,
671,14.215261824433718,3.9642922483133285,18.75922099705414,,,
672,14.690919723232692,4.751626818620427,20.870874676352148,,,
673,,,,,,
674,15.226521865871732,5.601867799161692,25.180500730567747,13.201916164968758,5.179597411017419,19.493333668337485
675,15.336878159570439,5.774486916863938,25.97522467565865,12.57649900550995,5.149293498688185,19.19633846267709
676,15.314160290317206,5.920539287970494,26.557589182228778,12.266762843683127,5.127223989109172,19.176393765509612
677,15.135579331540706,5.954057903384551,26.8839232452671,11.721002216653021,4.982589942751466,18.73813284232167
678,15.188498184534925,5.930500952944755,27.189671580017983,11.479188785820858,4.873003774908779,18.4474999947654
679,15.228855095791783,6.001011960403945,27.920370714912107,11.29890341665974,4.900943826483084,18.65814560731408
680,15.012182019168725,5.788841660367703,28.101047126547627,10.91304314941907,4.549012048506248,18.152587770152937
681,14.63976134026184,5.382330655269572,28.498047850003193,10.29502344523608,4.237964986906792,17.589498752446282
682,14.053507462077524,5.081813953977528,27.604388372920262,9.82728648713319,4.06924305380781,17.11074265346909
683,,,,8.366255133942747,3.4203650497703295,14.857516035605144
684,,,,7.642349542877748,3.0933421179109444,13.567504918912467
685,,,,6.435178682420993,2.5307363649340915,11.452539391120656
686,,,,5.823144137018068,2.3190567022351662,10.622882765064958
687,7.311595549917589,0.7098931045328465,12.437824581386575,5.222223430918718,1.9801618546691404,9.416679483965943
688,6.636307964431306,1.7817274478593237,11.104555702839834,,,
689,6.464220328700335,1.58889067979433,10.456388086330827,,,
690,,,,,,
691,6.17522867749122,1.3348288295840225,8.900788073845785,,,
692,6.0518768601845725,1.2786355524236728,8.512307845437494,,,
693,,,,,,
694,6.283628819523861,1.0571152956747236,8.089657480200998,,,
695,6.385931146880171,0.9554661678804355,7.937587649310338,,,
696,6.412051032937022,0.9001260508917858,7.906777266119572,,,
697,6.314416799240784,0.8202917294592887,8.079845714441975,,,
698,6.23305244217951,0.7444031853859752,8.242510941598136,,,
699,5.792043765568331,0.7349652964446899,8.862805448959211,,,
700,5.621371205253392,0.6962202461640626,9.32928585331272,,,
701,5.530522495060619,0.6583305644690437,10.07028329458728,,,
702,4.831566021091342,0.6069636864026878,11.59542853339295,,,
703,4.795707825385561,0.7192048200325414,13.44026187813288,,,
704,4.046597031265429,0.8999871755662138,16.05103563382043,,,
705,3.143247284515455,1.1876410033735052,22.251935730059156,-2.333956263395205,1.7385104534927294,19.85197110790064
706,3.1720118078255286,1.456120550946085,24.624776824920012,-2.8985780872263756,1.9253457663501208,22.243113797444636
707,3.6629557299890094,1.8166463245213758,29.895681821326782,-3.9437355683383006,2.499716410319653,28.507238038384923
708,3.9422984085144646,1.919269047389804,32.69047619589113,-4.371663073780729,2.797979548489456,31.31253309739999
709,4.840301335727478,2.2817819207854946,38.79980791728585,-5.226199933654548,3.0993599094464845,37.66299182229382
710,5.413337757989006,2.46124071156539,41.84056959206884,-5.477510052003895,3.1594672190372326,41.447553730643534
711,6.83323067999928,3.1029762417846634,50.59723241719708,-7.32100208359192,3.9743749082255837,58.01564752291668
712,9.105452010821015,3.904017898739936,61.64751687682044,-11.612871039540396,6.788762664212617,98.55957807036565
713,10.862288113758192,4.575870768409918,68.94786461465694,-15.309134433799974,10.066376318688512,141.23441530592777
714,15.856678153932771,5.576698060724678,77.52611401696089,-18.757113402204585,26.75208782578933,348.30805102735866
715,17.555600661197133,4.379520780265622,62.40414399911767,3.8624426401569276,20.31484050020589,271.89314830610596
716,23.570691355025495,5.502383748430661,73.51317809942373,-22.930306078279628,-37.54503298582351,-429.8066122054704
717,21.938925648580817,4.331464932980681,54.35452073787027,106.25566993257532,69.87133800315337,784.2164027848999
718,,,,97.31966661104597,50.778182409790894,549.4892572705108
719,,,,33.80413916222609,11.592314379610114,118.34996218416713
720,,,,25.240275618731225,7.714711584794927,73.58197270269447
721,,,,20.84958971964089,6.104817643238537,52.49478978645206
722,,,,18.731162945755454,5.058558822840786,40.763083348172984
723,16.162738207726875,2.986999673446146,25.392516058812237,17.45486475792654,4.465898216159117,34.70891838978882
724,14.89395784791919,2.763144242635208,21.92973719340241,16.0954951967739,3.692507440004748,27.537276733151018
725,,,,14.853983073580808,3.0843774382258085,21.58488803575636
726,,,,,,
727,,,,14.155534690406748,2.9027529213058942,18.371316969988477
728,,,,13.972779634407676,2.9680874432115756,17.749632557183535
729,13.369905090986029,3.039709007201288,17.70493443573259,,,
730,13.410111264748755,3.008320090061988,17.578387686320465,,,
731,13.615565295506844,3.109800777615862,17.673007576784812,,,
732,13.866134922907474,3.1568518529653145,18.096740290523798,,,
733,14.20489005955977,3.379196436279458,18.72203223081446,,,
734,14.281847830756153,3.648357693790712,19.599355647025543,,,
735,14.248461879177194,3.8636145893939293,20.741978149604375,12.694191063454399,3.2844236843638988,16.435714422614446
736,14.24233592246049,4.055969409372198,21.530047596004692,12.518153690261546,3.9056567391751202,19.03803684676268
737,14.350672453317967,4.476150591409683,23.991886626261465,11.706194698723149,4.0436838663993635,19.42032867278879
738,14.37030200753387,4.593044692764658,24.6489218679324,11.473022036313605,3.7066565339891007,17.132937685911106
739,13.862210245006798,4.802100519792323,25.366202123756555,10.424362618795625,3.59421265618633,16.21846549324565
740,13.274632033348787,4.772787490666291,24.895166087317413,9.96814894608222,3.5776558501914097,15.95274275257849
741,12.221757195641292,4.558897625471573,23.620030424729954,9.130407781809259,3.4033511349595496,15.037361209579126
742,11.599795958818861,4.420037043586424,22.962265050703195,8.648992750488006,3.317582028738102,14.51040083323574
743,10.911535815291156,4.141206001474295,21.771055948500162,8.206694392060436,3.1669117534948583,13.844867249826192
744,9.48332959446654,3.634310774455263,19.054878806842254,7.402033078734549,2.892510521175555,12.496533972238735
745,9.001032086885209,3.2883961278526526,17.39268293869277,7.189817275487241,2.645784863831229,11.596637110695708
746,7.804025130782814,2.7903909949959043,14.71123513645192,6.655720338776673,2.432138426957874,10.680737948519088
747,7.5610055678901125,2.642718724903756,14.036965386631948,6.375405051179963,2.2961888965214805,10.242327747088796
748,6.843424365498121,2.26543099451885,12.338534717791582,5.826441430181613,2.1602537904652697,9.787819060604365
749,6.757799587339353,1.981677040578548,11.53041632287684,5.568628028972306,2.030100873916351,9.465187273882718
750,,,,5.296753025817104,1.8071348562513792,8.859641431139655
751,,,,,,
752,6.274067045155754,1.580822626578373,9.384423794245876,,,
753,6.108919877702377,1.3015997074786096,8.857063499195045,,,
754,6.1277204646936285,1.2442331781611775,8.757315079996555,,,
755,6.153882172797725,1.199094633298698,8.732853721716353,,,
756,6.191177216254804,1.1834333636590884,8.78944590071767,,,
757,6.289907093256108,1.1872064345055113,9.011760508162334,,,
758,6.38575862577768,1.2035666511671534,9.277223908159698,,,
759,6.335993017062114,1.2764360199255087,9.866732124842512,,,
760,,,,4.024907504988404,1.7410797212807358,10.335414607983266
761,,,,3.4615432839137954,1.9824621481112237,11.531969442256148
762,6.157768573587962,1.853598169105161,14.82903938198058,2.4360984749970656,2.2113921882417125,13.580550065066591
763,6.923204462150086,2.538818893580203,19.682842034068848,,,
764,8.675318763195769,3.467288411477572,28.11612852935708,1.772583879016284,3.65680461468083,27.06170318583894
765,10.64361582935162,6.11190075020648,49.93089268354402,-1.1502184145303578,9.15678233383423,68.4024905020758
766,12.301828379191422,8.483213432782357,68.6134625824044,-9.785814398193578,26.021852967736983,196.27200254687133
767,16.62419261545903,17.021755516223596,149.620429416159,18.53801743445472,-19.274171641444482,-151.65507258752868
768,40.120649559944525,45.03269482074435,366.6613959881226,10.146947721516751,-11.699348962911781,-80.74230448166409
769,,,,8.366863836597291,-10.92351572981784,-72.32984572664427
770,,,,7.061760223593979,-10.698194803888978,-64.63794629067903
771,28.697845551839425,26.16357537802315,190.05076384150573,6.4656662417177975,-11.671275088120856,-68.64527628700432
772,17.500958903187193,13.133884854198149,88.0858975830751,4.506134723804581,-14.432449852650002,-79.90712224044523
773,14.857269451151792,9.917381086104756,64.58292947424005,2.19469303925928,-23.481410129458382,-123.30663811123907
774,14.097665021131242,8.234493226887047,53.0833437234741,-6.193459538798908,-50.915252280945275,-264.1600324167672
775,13.456969264600728,7.0008587246338285,45.06358663727273,-921.9949835858623,-2935.351902771727,-15422.763741392495
776,12.784107103243167,4.85671469070807,30.72486404728324,16.988519523889092,18.168157980461356,97.94817440430533
777,,,,14.887662068604802,10.924026330913293,58.8053736979219
778,,,,,,
779,12.54405957371495,3.1485750121919462,17.921497963038455,13.065752712638929,3.1159871305676736,16.899957602576354
780,12.545164174303535,3.066621245354322,17.271991470389708,,,
781,12.563033815834265,3.1067782333763634,16.95056915040144,,,
782,12.607130637365909,3.340708247318786,16.845398507352257,,,
783,12.927812619570725,3.772655838207392,17.630678038485033,,,
784,13.23812713848771,3.9631809484809963,18.677123004058828,,,
785,,,,12.05947544381911,4.594236774668861,19.0309635247123
786,14.082011831985584,5.051224554237318,23.664574686783286,12.029153375293037,4.87280684419465,19.919724162144192
787,14.531605187348623,5.793808306787127,26.620856996182866,12.060305920289826,4.706801683363246,18.392544026366334
788,15.194295734258539,6.85125399734692,30.820702965372185,11.841616040959316,5.272491762095113,19.95406043125718
789,15.344781792589917,7.230846422137586,32.26382474173125,11.572238649593993,5.393715675737962,20.26097281250083
790,15.663939077509028,7.359756684275246,33.88876063484977,11.134119960983668,5.301187731295652,20.082492280833325
791,15.830123203007211,7.689063924847372,35.63170322177665,10.893233927395444,5.41569200922967,20.511016166450165
792,15.4205577423163,7.210470760789154,35.09057231183402,10.106447341565996,5.023497746309193,19.168953022742976
793,14.781372183495282,6.882555486923903,33.72949075298918,9.86326455699358,4.895925645884515,18.764006921119144
794,13.708096185139762,6.351611383615159,31.06572667494555,9.404089738376332,4.587747694570909,17.665726090792074
795,12.61909796657947,5.7058194737327605,28.371475736183218,8.96882176980088,4.260884244159039,16.6734633074402
796,10.588678045901727,4.642480770675681,23.21506169906772,7.798727812858513,3.594915879354044,14.451081290705007
797,9.65181527767375,4.164569772259267,20.718686126409633,7.192210870923094,3.3786290060739335,13.615222225253962
798,8.215669181677635,3.223331745626394,16.152221684392735,6.229025915463706,2.9585764975040525,12.088520941522173
799,7.72227688761586,2.924897061141948,14.787729890776967,,,
800,7.214060540304852,2.5489191496543784,13.24387071940324,5.684007586811627,2.5089165684518147,10.529010854748387
801,,,,5.318850356770471,2.208568656104235,9.459687266846661
802,6.737585854601106,1.9876541910463088,10.709628505124206,5.255132225344053,2.0592865118228674,9.068657298146753
803,6.328128363638109,1.5817748661573692,9.46083228755544,,,
804,6.345572749106007,1.4674046384700834,9.150029435710037,,,
805,6.523370081522359,1.27712337060419,8.741187198777062,,,
806,6.676833031009144,1.1410405460698734,8.358640902000648,,,
807,,,,,,
808,,,,,,
809,,,,,,
810,,,,,,
811,6.651149604266167,1.0540743609699041,8.765117951917752,,,
812,6.56456690240776,1.0989244292108484,9.295914920772983,,,
813,6.219832859282442,1.170261188531455,10.380704859807842,,,
814,,,,,,
815,5.83101090477429,1.2974620389448561,12.342403990855518,,,
816,5.124926347700736,1.4639600073896195,13.913413744589173,1.458536107438724,1.6196063032990053,13.191565540166984
817,5.556719295611451,1.6907796872684269,18.326563923397664,0.8954707509710741,1.7932482991940442,16.165060853137202
818,5.8644548494473145,1.8012100955866204,20.73292701957037,0.6278894152181661,1.93595771562291,19.172356418721364
819,6.819654812421455,2.1858749618090325,25.389346817667793,0.4053813600304548,2.654078211750285,28.536674295818337
820,7.1918753382945555,2.3427339123698236,29.488531539911264,-0.6911278355536863,3.3488985739025843,38.5461098645299
821,8.276220140939536,3.1272192730846644,37.85714792172227,-2.961123885549444,6.371089579810954,67.77638051010416
822,8.835661068834789,3.7851123903730794,43.14761031312732,-4.967792895665919,9.191165373436888,90.40281419842519
823,10.740563136353368,5.612910161718144,55.946049876464144,-12.946324325447774,22.713075067777005,200.21511135995763
824,12.136182232143797,6.9782313171175145,65.24273593187031,-33.08740787407486,61.46815011319805,501.38633680742544
825,13.729443981082468,8.158560503269054,71.81304549120776,99.02513584195904,-218.74477168646615,-1679.0901146732112
826,15.485259985296613,8.504693169006424,71.50775492287947,40.494030512413524,-194.98538432064774,-1404.685993164391
827,19.43092616589553,9.894978975516313,76.250768267279,-4.014625286579638,-52.21082652582844,-350.28297502011515
828,19.31732945584154,8.342243766983886,63.00687878987066,-50.3489146099217,-120.32523862687101,-799.7437163418995
829,18.353832584048405,7.117631603568946,48.33237886441436,52.92055291659776,57.13544762245324,352.23775322957
830,17.71899812544265,6.02309810911247,41.45611878459601,25.8639036999471,19.613343714443666,119.97357011347778
831,16.57018056709677,5.7671566504834235,36.77988582573506,17.957611297309082,9.873803181185412,58.61799515752023
832,15.470616003829894,4.6523896205930395,30.417600126257277,15.540961484044338,6.5194664248941905,38.6305116897055
833,14.257799697476447,4.067744098265854,26.039494517096646,13.473383134071172,3.5616574491640485,20.57189508528314
834,13.79590977067334,3.848962432517308,23.69599071439821,13.064853607385237,4.21266498521561,22.093788714638563
835,,,,12.79324133327992,3.0733439859023184,16.370290264022447
836,13.418060578456409,3.7844880690058127,19.917843548433076,12.685517577921503,3.1325708683433997,15.987842027861921
837,,,,,,
838,,,,,,
839,13.57417908117831,3.9525843532660807,18.8934272024223,,,
840,13.629487056934178,4.207498324906596,18.966551407371465,,,
841,13.645921198521552,4.427162748847644,19.011863259989237,,,
842,13.854797072389069,4.561214931889713,19.492932299059323,,,
843,14.00717103572267,4.850483071428852,20.35226124334848,12.647777106594068,4.789859762048293,18.553758246763326
844,,,,,,
845,,,,11.96360422511421,4.731871577784789,18.638527279837795
846,14.320912304323345,4.889850257588489,24.114955887699505,10.564207920826826,3.8674097586078675,15.781200725360062
847,13.964617774312133,5.1526707650370716,25.285279665874512,9.817228654881077,4.1827363155469675,17.865851523980183
848,,,,9.480533428428485,3.996815738136527,16.26246365920663
849,,,,8.87083747532362,3.8135762231880728,15.627625006420732
850,10.449826365703782,4.076036013877761,20.877537789818376,7.75231562630327,3.377806359289984,13.899649151866786
851,9.518445040305947,3.6887837644511685,19.075955753472165,7.095700565492731,3.02101013699683,12.666381610721754
852,,,,6.569709048854552,2.7340238625686784,11.678728219329216
853,,,,5.77052682191424,2.305194875064587,10.172876366423242
854,6.6923002761418235,2.22270446669428,12.392253426242611,5.444720104903405,2.1346132090568473,9.529501071211445
855,5.5288779986664265,1.8002305503176357,9.985202584512216,,,
856,5.58279144471431,1.6737294805120817,9.489884600738332,,,
857,5.653002352229904,1.5961035968049602,9.207123478595399,,,
858,,,,,,
859,6.140920896263999,1.3881215437598537,8.480525879569637,,,
860,6.323441709717036,1.2415348439277887,8.199030728123844,,,
861,6.35697616075346,1.1397556818064032,8.068379533192035,,,
862,,,,,,
863,,,,,,
864,,,,,,
865,,,,,,
866,5.81859548541772,0.9143775679730258,8.952154704819288,,,
867,5.366562789311199,0.9929546269944703,9.965791742078595,,,
868,5.382759685760824,1.254673139500564,11.657706681577968,,,
869,4.815447165812246,1.5864640114815467,14.183825938758647,,,
870,4.863151067182844,2.4195540924772936,20.929711010784573,,,
871,5.294159282117594,3.0921326241081233,25.88600641118779,-1.5480061273315282,3.8532490986602213,25.21625759855426
872,7.463609116281332,4.852501956840379,39.991797794008036,-2.9850306836549065,6.018522401527181,40.93594767981079
873,9.351908592140497,6.515102625455087,53.878480642131194,-5.216100222202936,9.474046114125352,63.3226034728511
874,13.591660232571128,10.272208769417652,80.25382442608849,-49.92770752128767,83.32815682843022,573.0213380261182
875,16.69036819186375,13.96049867584193,111.57857739276444,27.661155096763803,-36.72710818281779,-256.84446790196404
876,21.10733785139662,20.056944693586907,158.5132019625149,14.196651518216154,-16.750561387257594,-115.80573108040416
877,21.89298107688243,23.380340883574142,184.60470441946228,13.987034220866924,-15.19262671533723,-103.82131644125221
878,20.465680338466953,27.00003767151489,205.73041164222326,13.199980522582234,-13.073080612783661,-84.8882125242629
879,15.681601565592523,18.12371716641864,142.06647876850542,13.13382894270321,-14.228834459015129,-90.41881973461588
880,12.978023700561229,14.509361933620818,101.10614378709327,12.292496015646917,-16.34696805823482,-94.55397240336714
881,11.861975900378733,11.615109703603101,75.77704204954632,12.442601341171743,-22.62785805973339,-124.09613352931761
882,11.844887038284996,7.9500924772761445,47.7475311960866,,,
883,12.599635683905676,6.987331106892922,39.21677685150463,18.423953134775026,63.02722702544945,324.94507047746174
884,12.814225967899796,5.795845502914399,32.28660270328408,15.287589322836004,19.482487901059315,98.82204181424758
885,13.149322674178624,4.3218103849971845,23.81694573900184,13.722928806536226,7.3495518753849725,35.80228890693238
886,,,,13.197351490985877,4.694996432584369,22.239285375538135
887,13.158097656324966,3.3842635560296648,18.01923835323727,12.8891686621812,3.438076702344805,16.50012813876359
888,13.135581469656971,3.271611538918056,17.40899730221044,,,
889,12.717922454623995,3.069712308333428,16.493659957327626,,,
890,12.671218200349855,3.0690438383231977,16.314053293657576,12.802268164351894,3.5204792779378735,16.049403829194983
891,12.638038977877804,3.2144267051286852,16.58202460998124,,,
892,12.551646941361273,3.323479892659881,16.92097525928993,,,
893,12.3924903562877,3.734973804086634,18.12464210648258,,,
894,,,,12.525282743953229,4.542959872159657,19.79887481181598
895,12.241075375418085,5.143030243501022,22.695780884499733,12.40767142147835,5.778191501463921,22.891231341521703
896,12.143242475920546,5.327493299761908,23.174421907156315,12.327230939482748,5.086997059154283,19.511818121916484
897,12.08625182782639,5.422086482591093,23.54210754262121,,,
898,12.038823703251376,5.497007221343326,23.789315829042437,12.18380235131073,5.3923150046012,20.32853030520575
899,12.011154110205018,5.561215373830406,24.242058343705615,12.186339699596664,5.504571710308383,20.773730054990608
900,12.0312114950343,5.632093837727679,24.88131703837387,12.179736853644139,5.611087981053372,21.313078571731143
901,12.059141036108818,5.719789946889133,25.558242883015833,12.182162359111292,5.7758328605942015,22.15690383194865
902,12.149561829604702,5.835876825740004,25.950710854442285,12.25440782364924,5.8256114061771225,22.436493348037853
903,12.331234737711306,5.934785686437937,26.16784834832555,12.217117165276324,5.759679711673053,22.168261325536225
904,12.445090913117777,5.802934516771324,25.85352276353589,12.40175258976517,5.6380186422783245,22.04586026148647
905,12.531390417385932,5.840958802120592,25.950916697857373,12.461011261720474,5.658899663912939,22.258419839473117
906,12.591290999774417,5.943854023662661,26.300294298025094,12.504668023409183,5.6730829308239965,22.432186612995565
907,12.607400855928992,5.945089066583779,26.683039405926145,12.463927541180741,5.605887507238304,22.52756458484323
908,12.706916801322482,6.056777184267626,27.175435624049932,12.282191010247479,5.543543780810551,22.29607352158498
909,12.614319715894105,6.108554283205362,27.4090009395228,11.777521460260123,5.409248663427166,21.830774118414396
910,12.541637512754324,6.157307767953306,27.797832576861413,11.44530187446291,5.359783909658413,21.705826395490963
911,12.613171815112167,6.184930507852383,28.241276491809934,11.168457475169737,5.271175465166825,21.390299381881096
912,12.966186863056272,6.0003481042378946,29.305728846025374,10.50203817423269,4.751287753258731,20.289916943552367
913,13.116614161241468,5.9961943129005,29.834192204462543,10.397521814114032,4.683325140855253,20.262199555967634
914,13.705993053859066,5.990980875502933,31.989273647121127,10.187840425177765,4.557147793281612,20.340981358360576
915,13.768509117618404,5.8730902472950826,32.36340459373874,10.070083032869173,4.483744151581208,20.30593223287618
916,13.681071508362706,5.714238653281558,32.74609984685572,9.680775059205315,4.427232192734796,20.03210621220436
917,12.502634862873713,5.071772282694757,30.067064590339267,8.81970387774226,4.086612003785983,18.41016697894404
918,11.428243879306065,4.65401313024462,27.740150424268446,8.021071195158848,3.783631743471113,17.226399337630195
919,10.44726254294073,4.1359892870409105,25.45434233574968,7.378838481065303,3.4552207519509572,15.894359618060866
920,8.1471495321901,3.192324766595564,20.078468768599624,6.164505868991681,2.8116089856092867,13.37153349180832
921,7.420749347819751,2.9184989715713243,18.367329444450824,5.710803182379833,2.5653006926694304,12.411523889657573
922,6.609919059749197,2.550849123756035,16.394885046746346,5.280626522632979,2.356299871821547,11.524415629920874
923,6.283980074271571,0.7322243516100195,14.711356919094438,4.795611577237897,2.094987901735244,10.536802998943566
924,5.249579852846255,2.051446771215219,12.726116061127799,4.478382243681017,1.9380869631627144,9.834243989517772
925,5.3013431820030545,1.8448753729332859,12.365813769746824,,,
926,5.167377214891873,1.6701029963553995,11.141570425698427,,,
927,5.649955063671221,1.3663618743790664,9.983387312378888,,,
928,5.666621080096733,1.1744200471690998,9.390382356337293,,,
929,,,,,,
930,5.886419726402298,1.0224450758278658,8.970635500060736,,,
931,6.247710625989602,0.8229186633238627,8.598251951311902,,,
932,6.426347659536452,0.734555374979141,8.479516236050749,,,
933,,,,,,
934,,,,,,
935,,,,,,
936,,,,,,
937,,,,,,
938,,,,,,
939,,,,,,
940,,,,,,
941,-7.693090350495233,-6.792340113881963,-27.326424628640105,,,
942,,,,,,
943,,,,,,
944,,,,,,
945,,,,,,
946,,,,,,
947,,,,,,
948,,,,,,
949,,,,,,
950,,,,,,
951,,,,,,
952,,,,,,
953,,,,,,
954,,,,,,
955,,,,,,
956,,,,,,
957,,,,,,
958,,,,,,
959,,,,,,
960,,,,,,
961,,,,,,
962,,,,,,
963,,,,,,
964,,,,,,
965,,,,,,
966,,,,,,
967,,,,,,
968,,,,,,
969,,,,,,
970,,,,,,
971,,,,,,
972,,,,,,
973,,,,,,
974,,,,,,
975,,,,,,
976,,,,,,
977,,,,,,
978,,,,,,
979,,,,,,
980,,,,,,
981,,,,,,
982,,,,,,
983,,,,,,
984,,,,,,
985,,,,,,
986,,,,,,
987,,,,,,
988,,,,,,
989,,,,,,
990,,,,,,
991,,,,,,
992,,,,,,
993,,,,,,
994,,,,,,
995,,,,,,
996,,,,,,
997,,,,,,
998,,,,,,
999,,,,,,
1000,,,,,,
1001,,,,,,
1002,,,,,,
1003,,,,,,
1004,,,,,,
1005,,,,,,
1006,,,,,,
1007,,,,,,
1008,,,,,,
1009,,,,,,
1010,,,,,,
1011,,,,,,
1012,,,,,,
1013,,,,,,
1014,,,,,,
1015,,,,,,
1016,,,,,,
1017,,,,,,
1018,,,,,,
1019,,,,,,
1020,,,,,,
1021,,,,,,
1022,,,,,,
1023,,,,,,
1024,,,,,,
1025,,,,,,
1026,,,,,,
1027,,,,,,
1028,,,,,,
1029,,,,,,
1030,,,,,,
1031,,,,,,
1032,,,,,,
1033,,,,,,
1034,,,,,,
1035,,,,,,
1036,,,,,,
1037,,,,,,
1038,,,,,,
1039,,,,,,
1040,,,,,,
1041,,,,,,
1042,,,,,,
1043,,,,,,
1044,,,,,,
1045,,,,,,
1046,,,,,,
1047,,,,,,
1048,,,,,,
1049,,,,,,
1050,,,,,,
1051,,,,,,
1052,,,,,,
1053,,,,,,
1054,,,,,,
1055,,,,,,
